<?xml version="1.0" encoding="UTF-8" standalone="yes"?>
<addon id="service.subtitles.nlondertitels"
       name="nlondertitels.com"
       version="1.0.3"
       provider-name="Amelandbor">
    <requires>
        <import addon="xbmc.python" version="2.14.0"/>
        <import addon="script.module.beautifulsoup" version="3.2.1"/>
    </requires>
    <extension point="xbmc.subtitle.module"
               library="service.py"/>
    <extension point="xbmc.addon.metadata">
        <summary lang="en">Get subtitles from nlondertitels.com</summary>
        <description lang="en">Get subtitles from nlondertitels.com</description>
        <disclaimer lang="en"/>
        <platform>all</platform>
        <language/>
        <license>GNU GENERAL PUBLIC LICENSE. Version 2, June 1991</license>
        <forum>http://forum.kodi.tv/showthread.php?tid=209783</forum>
        <website/>
        <email/>
        <source>https://github.com/Amelandbor/service.subtitles.nlondertitels</source>
    </extension>
</addon>
