<?xml version='1.0' encoding='UTF-8' standalone='yes'?>
<addon id='script.module.torrent.ts' version='0.6.0.28' name='AceStream Client' provider-name='NuisMons'>
  <requires>
    <import addon='xbmc.python' version='2.1.0'/>
  </requires>
  <extension point="xbmc.python.script" library="tsserv.py">
    <provides>executable</provides>
  </extension>
  <extension point='xbmc.addon.metadata'>
    <platform>all</platform>
    <summary>AceStream Engine support</summary>
  </extension>
  <extension library="default.py" point="xbmc.service" />
  <extension point='xbmc.python.module'/>
</addon>
