<?xml version="1.0" encoding="UTF-8" standalone="yes"?>
<addon id="script.module.simplejson" name="simplejson" version="3.4.1" provider-name="Bob Ippolito">
	<requires>
		<import addon="xbmc.python" version="2.1.0"/>
		<import addon="script.module.python.requests" version="2.16.0" />
	</requires>
	<extension point="xbmc.python.module" library="lib" />
	<extension point="xbmc.addon.metadata">
		<platform>all</platform>
		<language></language>
		<summary lang="en">Simple, fast, extensible JSON encoder/decoder for Python</summary>
		<description lang="en">Simple, fast, extensible JSON encoder/decoder for Python</description>
		<disclaimer lang="en">Code taken from https://pypi.python.org/pypi/simplejson/</disclaimer>
		<license>MIT License, Academic Free License v. 2.1</license>
		<website>https://pypi.python.org/pypi/simplejson/</website>
		<source>https://pypi.python.org/pypi/simplejson/</source>
	</extension>
</addon>
