<?xml version="1.0" encoding="UTF-8" standalone="yes"?>
<addon 
    id="repository.UNCODED" 
    version="1.4.3" 
    name="  [B][COLOR tan]UNCODED[/COLOR] [I]PRIME[/I][/B]" 
    provider-name="UNCODED">
    <extension point="xbmc.addon.repository" name="repository.UNCODED">

<!-- UNCODED Public -->        
        <dir>
            <info compressed="false">https://prime.uncoded.life/modules/zips/uncoded-addons.xml</info>
            <checksum>https://prime.uncoded.life/modules/zips/uncoded-addons.xml.md5</checksum>
            <datadir zip="true">https://prime.uncoded.life/modules/zips/</datadir>
        </dir>
        <dir>
            <info compressed="false">https://prime.uncoded.life/plugins/zips/uncoded-addons.xml</info>
            <checksum>https://prime.uncoded.life/plugins/zips/uncoded-addons.xml.md5</checksum>
            <datadir zip="true">https://prime.uncoded.life/plugins/zips/</datadir>
        </dir>
        <dir>
            <info compressed="false">https://prime.uncoded.life/sub-repositories/zips/uncoded-addons.xml</info>
            <checksum>https://prime.uncoded.life/sub-repositories/zips/uncoded-addons.xml.md5</checksum>
            <datadir zip="true">https://prime.uncoded.life/sub-repositories/zips/</datadir>
        </dir>

<!-- UNCODED Github -->
        <dir>
            <info compressed="false">https://raw.githubusercontent.com/peters-nick/UNCODED/master/modules/zips/uncoded-addons.xml</info>
            <checksum>https://raw.githubusercontent.com/peters-nick/UNCODED/master/modules/zips/uncoded-addons.xml.md5</checksum>
            <datadir zip="true">https://raw.githubusercontent.com/peters-nick/UNCODED/master/modules/zips/</datadir>
        </dir>
        <dir>
            <info compressed="false">https://raw.githubusercontent.com/peters-nick/UNCODED/master/plugins/zips/uncoded-addons.xml</info>
            <checksum>https://raw.githubusercontent.com/peters-nick/UNCODED/master/plugins/zips/uncoded-addons.xml.md5</checksum>
            <datadir zip="true">https://raw.githubusercontent.com/peters-nick/UNCODED/master/plugins/zips/</datadir>
        </dir>
        <dir>
            <info compressed="false">https://raw.githubusercontent.com/peters-nick/UNCODED/master/sub-repositories/zips/uncoded-addons.xml</info>
            <checksum>https://raw.githubusercontent.com/peters-nick/UNCODED/master/sub-repositories/zips/uncoded-addons.xml.md5</checksum>
            <datadir zip="true">https://raw.githubusercontent.com/peters-nick/UNCODED/master/sub-repositories/zips/</datadir>
        </dir>
<!-- GAIA -->
        <dir>
			<info compressed="false">https://github.com/gaiaorigin/gaiaorigin/raw/master/common/addons.xml?v=2.1.0</info>
			<checksum>https://github.com/gaiaorigin/gaiaorigin/raw/master/common/addons.xml.md5?v=2.1.0</checksum>
			<datadir zip="true">https://github.com/gaiaorigin/gaiaorigin/raw/master/common/</datadir>
		</dir>
		<info compressed="false">https://github.com/gaiaorigin/gaiaorigin/raw/master/addons.xml?v=2.1.0</info>
		<checksum>https://github.com/gaiaorigin/gaiaorigin/raw/master/addons.xml.md5?v=2.1.0</checksum>
		<datadir zip="true">https://github.com/gaiaorigin/gaiaorigin/raw/master/</datadir>
<!-- XvBMC NL -->
		<dir>
			<info compressed="false">https://raw.githubusercontent.com/XvBMC/repository.xvbmc/master/xvbmc-addons.xml</info>
			<checksum>https://raw.githubusercontent.com/XvBMC/repository.xvbmc/master/xvbmc-addons.xml.md5</checksum>
            <datadir zip="true">https://raw.githubusercontent.com/XvBMC/repository.xvbmc/master/zips//</datadir>
        </dir>  

<!-- JSERGIO -->
         <dir>
            <info compressed="false">https://raw.githubusercontent.com/jsergio123/zips/master/addons.xml</info>
            <checksum>https://raw.githubusercontent.com/jsergio123/zips/master/addons.xml.md5</checksum>
            <datadir zip="true">https://raw.githubusercontent.com/jsergio123/zips/master/</datadir>
        </dir>


    </extension>
    <extension point="xbmc.addon.metadata">
        <summary lang="en"> [COLOR tan]One stop 'n shop[/COLOR] 4 the most popular add-ons. No more dependency errors, all needed modules included. Some add-ons in here will [COLOR crimson]OVERRIDE[/COLOR] so choose wisely.</summary>

        <description lang="en">
  ====================================================================================================
  [B][COLOR tan]UNCODED[/COLOR] [I]PRIME[/I] :[/B]
    * Look 'n Feel
    * Modules
    * Plugins
    * Sub-Repositories 

  [B][COLOR tan]TWITTER[/COLOR] [I]ME[/I] :[/B]
    * @_UNCODED
        </description>

        <disclaimer lang="en">
            [B][COLOR tan]UNCODED[/COLOR][/B] isn't in any way affiliated with the providers of these plugins. [B][COLOR tan]UNCODED[/COLOR][/B] always will be free and open-source. None of its code and resources may be sold or redistributed for any commercial purposes. [B][COLOR tan]UNCODED[/COLOR][/B] doesn't host, create, or distribute any of the content displayed in these plugins.
        </disclaimer>

        <platform>all</platform>
        <license>GPL 3.0</license>
        <website>https://uncoded.life.com</website>
        <source>http://prime.uncoded.life</source>
        <forum>http://support.uncoded.life</forum>
    </extension>
</addon>
