<?xml version="1.0" encoding="UTF-8"?>
<addon id="inputstream.rtmp" version="1.0.4.SC" name="RTMP Input" provider-name="spiff (superceleron mod)">
  <requires>
    <import addon="kodi.inputstream" version="1.0.6"/>
  </requires>
  <extension point="kodi.inputstream" name="rtmp" protocols="rtmp|rtmpt|rtmpe|rtmpte|rtmps" library_linux="inputstream.rtmp.so.1.0.4.SC"/>
  <extension point="xbmc.addon.metadata">
    <summary lang="en">InputStream Client for RTMP streams</summary>
    <description lang="en">InputStream Client for RTMP streams using librtmp. Modified version compiled by superceleron and patched with KSV fixes.</description>
    <platform>linux</platform>
  </extension>
</addon>
